<?xml version="1.0" encoding="UTF-8"?>
<beans:beans xmlns="http://www.springframework.org/schema/security" xmlns:xsi="http://www.w3.org/2001/XMLSchema-instance" xmlns:beans="http://www.springframework.org/schema/beans"
    xsi:schemaLocation="
		http://www.springframework.org/schema/security 
        http://www.springframework.org/schema/security/spring-security-3.2.xsd
		http://www.springframework.org/schema/beans 
        http://www.springframework.org/schema/beans/spring-beans-4.0.xsd">

    <http use-expressions="true">
        <intercept-url pattern="/anonymous*" access="isAnonymous()" />
        <intercept-url pattern="/login*" access="permitAll" />
        <intercept-url pattern="/**" access="isAuthenticated()" />

        <form-login login-page='/login.html' authentication-success-handler-ref="myAuthenticationSuccessHandler" authentication-failure-url="/login.html?error=true" />

        <logout delete-cookies="JSESSIONID" />

        <remember-me key="uniqueAndSecret" token-validity-seconds="86400" />

    </http>

    <beans:bean id="myAuthenticationSuccessHandler" class="com.niit.shoppingcart.security.ShoppingCartSecuritySuccessHandler" />

    <authentication-manager>
        <authentication-provider>
        <jdbc-user-service data-source-ref="dataSource"
          users-by-username-query="SELECT ID, password, admin FROM user WHERE ID = ?" />
       
<!--             <user-service> -->
<!--                 <user name="user" password="user" authorities="ROLE_USER" /> --> 
 <!--                 <user name="niit" password="niit" authorities="ROLE_ADMIN" /> --> 
<!--             </user-service> -->
        </authentication-provider>
    </authentication-manager>

</beans:beans>